-12.4999694824218750,-0.2196520387036228,-0.0000000000000000,0.9124760000000000
-12.4499694824218761,-0.1957902183422834,-0.0000000000000000,0.8985760000000000
-12.3999694824218754,-0.1720006416449955,0.0000000000000000,0.9755420000000000
-12.3499694824218764,-0.1484327325761513,-0.0000000000000000,0.9712510000000000
-12.2999694824218757,-0.1252254646730864,-0.0000000000000000,0.9682850000000000
-12.2499694824218750,-0.1025071731106595,-0.0000000000000000,0.8902340000000000
-12.1999694824218761,-0.0803954414260000,0.0000000000000000,0.9018170000000000
-12.1499694824218754,-0.0589970585669540,0.0000000000000000,0.8998640000000000
-12.0999694824218764,-0.0384080418321549,0.0000000000000000,0.8885670000000000
-12.0499694824218757,-0.0187137212065342,-0.0000000000000000,0.9713410000000000
-11.9999694824218750,0.0000111194384370,-0.0000000000000000,0.9155750000000000
-11.9499694824218761,0.0177020488175886,0.0000000000000000,0.9092110000000000
-11.8999694824218754,0.0343047468973103,0.0000000000000000,0.8977780000000000
-11.8499694824218764,0.0497747202306114,-0.0000000000000000,0.8979630000000000
-11.7999694824218757,0.0640769783758678,0.0000000000000000,0.9528980000000000
-11.7499694824218750,0.0771856757299809,0.0000000000000000,0.9090930000000000
-11.6999694824218761,0.0890837230058368,-0.0000000000000000,0.8974600000000000
-11.6499694824218754,0.0997623724671835,-0.0000000000000000,0.9068100000000000
-11.5999694824218764,0.1092207809031890,-0.0000000000000000,0.8857610000000000
-11.5499694824218757,0.1174655541817244,-0.0000000000000000,0.8943990000000001
-11.4999694824218750,0.1245102770664561,0.0000000000000000,0.8915610000000000
-11.4499694824218761,0.1303750318197847,-0.0000000000000000,0.9035220000000000
-11.3999694824218754,0.1350859089430049,-0.0000000000000000,0.9006350000000000
-11.3499694824218764,0.1386745132282655,-0.0000000000000000,0.9490410000000000
-11.2999694824218757,0.1411774681153404,-0.0000000000000000,0.9552430000000000
-11.2499694824218750,0.1426359211611731,-0.0000000000000000,0.9014860000000000
-11.1999694824218761,0.1430950532428648,-0.0000000000000000,0.8835570000000000
-11.1499694824218754,0.1426035939263498,0.0000000000000000,0.8990939999999999
-11.0999694824218764,0.1412133452445417,0.0000000000000000,0.9464120000000000
-11.0499694824218757,0.1389787159411811,0.0000000000000000,0.9430720000000000
-10.9999694824218750,0.1359562680509169,-0.0000000000000000,0.9090030000000000
-10.9499694824218761,0.1322042775031002,0.0000000000000000,0.9392380000000000
-10.8999694824218754,0.1277823102571562,0.0000000000000000,0.9022610000000000
-10.8499694824218764,0.1227508153018776,0.0000000000000000,0.9022700000000000
-10.7999694824218757,0.1171707356801801,-0.0000000000000000,0.9388300000000001
-10.7499694824218750,0.1111031385353278,0.0000000000000000,0.9540620000000000
-10.6999694824218761,0.1046088650148256,-0.0000000000000000,0.8956990000000000
-10.6499694824218754,0.0977482007145349,-0.0000000000000000,0.9161629999999999
-10.5999694824218764,0.0905805671984321,0.0000000000000000,0.9506000000000000
-10.5499694824218757,0.0831642349890781,0.0000000000000000,0.8958910000000000
-10.4999694824218750,0.0755560582905927,-0.0000000000000000,0.8944500000000000
-10.4499694824218761,0.0678112315798488,-0.0000000000000000,0.8964210000000000
-10.3999694824218754,0.0599830680829141,-0.0000000000000000,0.8996660000000000
-10.3499694824218764,0.0521228000425452,0.0000000000000000,0.9429680000000000
-10.2999694824218757,0.0442794005788002,-0.0000000000000000,0.9514750000000000
-10.2499694824218750,0.0364994268486577,0.0000000000000000,0.8908930000000000
-10.1999694824218761,0.0288268841217991,-0.0000000000000000,0.9135730000000000
-10.1499694824218754,0.0213031103084385,-0.0000000000000000,0.8928730000000000
-10.0999694824218764,0.0139666804011273,0.0000000000000000,0.9131790000000000
-10.0499694824218757,0.0068533302257045,0.0000000000000000,0.8960460000000000
-9.9999694824218750,-0.0000041011631171,0.0000000000000000,0.9024770000000000
-9.9499694824218761,-0.0065757111588668,0.0000000000000000,0.9051520000000000
-9.8999694824218754,-0.0128345561165923,0.0000000000000000,0.8948010000000000
-9.8499694824218764,-0.0187566575054130,-0.0000000000000000,0.8958110000000000
-9.7999694824218757,-0.0243209925368941,-0.0000000000000000,0.9014410000000000
-9.7499694824218750,-0.0295094701331964,-0.0000000000000000,0.8935689999999999
-9.6999694824218761,-0.0343068931206495,0.0000000000000000,0.9412040000000000
-9.6499694824218754,-0.0387009075506016,-0.0000000000000000,0.8912490000000000
-9.5999694824218764,-0.0426819400604054,-0.0000000000000000,0.9440130000000000
-9.5499694824218757,-0.0462431241934957,0.0000000000000000,0.9582810000000000
-9.4999694824218750,-0.0493802165989563,0.0000000000000000,0.9560210000000000
-9.4499694824218761,-0.0520915040280836,-0.0000000000000000,0.9602650000000000
-9.3999694824218754,-0.0543777020384827,0.0000000000000000,0.9435060000000000
-9.3499694824218746,-0.0562418463054983,0.0000000000000000,0.9583790000000000
-9.2999694824218757,-0.0576891774265467,0.0000000000000000,0.9590800000000000
-9.2499694824218750,-0.0587270200864771,-0.0000000000000000,0.9544520000000000
-9.1999694824218761,-0.0593646574317147,0.0000000000000000,0.8982220000000000
-9.1499694824218754,-0.0596132014779106,0.0000000000000000,0.9464470000000000
-9.0999694824218746,-0.0594854603503998,-0.0000000000000000,0.9426850000000000
-9.0499694824218757,-0.0589958031292172,0.0000000000000000,0.8858710000000000
-8.9999694824218750,-0.0581600230409950,0.0000000000000000,0.9444150000000000
-8.9499694824218761,-0.0569951997089991,-0.0000000000000000,0.8852830000000000
-8.8999694824218754,-0.0555195611401112,0.0000000000000000,0.8972860000000000
-8.8499694824218746,-0.0537523460939343,0.0000000000000000,0.8914130000000000
-8.7999694824218757,-0.0517136674446246,-0.0000000000000000,0.9368630000000000
-8.7499694824218750,-0.0494243771107366,-0.0000000000000000,0.9414340000000000
-8.6999694824218761,-0.0469059330925032,0.0000000000000000,0.9114180000000000
-8.6499694824218754,-0.0441802691197531,0.0000000000000000,0.9451760000000000
-8.5999694824218746,-0.0412696673772708,0.0000000000000000,0.9540390000000000
-8.5499694824218757,-0.0381966347379878,-0.0000000000000000,0.9498280000000000
-8.4999694824218750,-0.0349837828981280,0.0000000000000000,0.9508860000000000
-8.4499694824218761,-0.0316537127724488,-0.0000000000000000,0.9359080000000000
-8.3999694824218754,-0.0282289034721603,0.0000000000000000,0.8900550000000000
-8.3499694824218746,-0.0247316061531056,-0.0000000000000000,0.9496310000000000
-8.2999694824218757,-0.0211837429874327,0.0000000000000000,0.9450260000000000
-8.2499694824218750,-0.0176068114784241,-0.0000000000000000,0.8991860000000000
-8.1999694824218761,-0.0140217943054370,-0.0000000000000000,0.9218340000000000
-8.1499694824218754,-0.0104490748541464,0.0000000000000000,0.9036280000000000
-8.0999694824218746,-0.0069083585565542,0.0000000000000000,0.9529000000000000
-8.0499694824218757,-0.0034186001355851,0.0000000000000000,0.9484070000000000
-7.9999694824218750,0.0000020631793969,-0.0000000000000000,0.9389510000000000
-7.9499694824218752,0.0033363724270978,0.0000000000000000,0.8950430000000000
-7.8999694824218754,0.0065680016658224,0.0000000000000000,0.9451340000000000
-7.8499694824218755,0.0096816067137671,0.0000000000000000,0.9034820000000000
-7.7999694824218757,0.0126628679132785,0.0000000000000000,0.8791260000000000
-7.7499694824218750,0.0154985269764053,-0.0000000000000000,0.9099560000000000
-7.6999694824218752,0.0181764179898492,-0.0000000000000000,0.8922090000000000
-7.6499694824218754,0.0206854926768613,-0.0000000000000000,0.8971960000000000
-7.5999694824218755,0.0230158400317089,-0.0000000000000000,0.9345360000000000
-7.5499694824218757,0.0251587004590772,-0.0000000000000000,0.9080859999999999
-7.4999694824218750,0.0271064745661665,-0.0000000000000000,0.8832370000000000
-7.4499694824218752,0.0288527267693212,-0.0000000000000000,0.8832770000000000
-7.3999694824218754,0.0303921838897915,-0.0000000000000000,0.8918190000000000
-7.3499694824218755,0.0317207289247120,-0.0000000000000000,0.8935630000000000
-7.2999694824218757,0.0328353901896042,-0.0000000000000000,0.9424630000000001
-7.2499694824218750,0.0337343260377024,0.0000000000000000,0.9453200000000000
-7.1999694824218752,0.0344168053691992,0.0000000000000000,0.8942250000000000
-7.1499694824218754,0.0348831841501380,-0.0000000000000000,0.9008270000000000
-7.0999694824218755,0.0351348781661860,-0.0000000000000000,0.9417910000000000
-7.0499694824218757,0.0351743322409437,0.0000000000000000,0.9690480000000000
-6.9999694824218750,0.0350049861518198,-0.0000000000000000,0.8937330000000000
-6.9499694824218752,0.0346312374788748,-0.0000000000000000,0.8882570000000000
-6.8999694824218754,0.0340584016234494,-0.0000000000000000,0.9003100000000001
-6.8499694824218755,0.0332926692338977,-0.0000000000000000,0.8986520000000000
-6.7999694824218757,0.0323410612753750,0.0000000000000000,0.9385310000000000
-6.7499694824218750,0.0312113819794491,-0.0000000000000000,0.8974520000000000
-6.6999694824218752,0.0299121699073365,-0.0000000000000000,0.9382130000000000
-6.6499694824218754,0.0284526473578819,-0.0000000000000000,0.9479290000000000
-6.5999694824218755,0.0268426683480311,0.0000000000000000,0.9506170000000000
-6.5499694824218757,0.0250926653895445,-0.0000000000000000,0.8971690000000000
-6.4999694824218750,0.0232135952811152,0.0000000000000000,0.8904370000000000
-6.4499694824218752,0.0212168841299234,0.0000000000000000,0.9019980000000000
-6.3999694824218754,0.0191143718110408,-0.0000000000000000,0.9373850000000000
-6.3499694824218755,0.0169182560670216,0.0000000000000000,0.8860050000000000
-6.2999694824218757,0.0146410364435383,0.0000000000000000,0.9452610000000000
-6.2499694824218750,0.0122954582500755,-0.0000000000000000,0.9454380000000000
-6.1999694824218752,0.0098944567275276,0.0000000000000000,0.9424570000000000
-6.1499694824218754,0.0074511015970965,0.0000000000000000,0.9311010000000000
-6.0999694824218755,0.0049785421571950,0.0000000000000000,0.8917750000000000
-6.0499694824218757,0.0024899530871606,-0.0000000000000000,0.9374970000000000
-5.9999694824218750,-0.0000015188914774,-0.0000000000000000,0.9402340000000000
-5.9499694824218752,-0.0024828073536379,0.0000000000000000,0.9402380000000000
-5.8999694824218754,-0.0049409773749933,0.0000000000000000,0.9410170000000000
-5.8499694824218755,-0.0073632754760649,-0.0000000000000000,0.9022970000000000
-5.7999694824218757,-0.0097371781886400,0.0000000000000000,0.9120870000000000
-5.7499694824218750,-0.0120504391354526,-0.0000000000000000,0.9389610000000000
-5.6999694824218752,-0.0142911345224639,-0.0000000000000000,0.9231340000000000
-5.6499694824218754,-0.0164477069514266,-0.0000000000000000,0.9359940000000000
-5.5999694824218755,-0.0185090074686937,0.0000000000000000,0.9023910000000001
-5.5499694824218757,-0.0204643357744195,-0.0000000000000000,0.9469000000000000
-5.4999694824218750,-0.0223034785243685,-0.0000000000000000,0.8974090000000000
-5.4499694824218752,-0.0240167456644876,-0.0000000000000000,0.9082320000000000
-5.3999694824218754,-0.0255950047461812,-0.0000000000000000,0.8923880000000000
-5.3499694824218755,-0.0270297131778410,0.0000000000000000,0.8991430000000000
-5.2999694824218757,-0.0283129483756171,0.0000000000000000,0.8953410000000001
-5.2499694824218750,-0.0294374357836459,-0.0000000000000000,0.8963970000000000
-5.1999694824218752,-0.0303965747409726,0.0000000000000000,0.8977660000000000
-5.1499694824218754,-0.0311844621792018,0.0000000000000000,0.9362400000000000
-5.0999694824218755,-0.0317959141414764,-0.0000000000000000,0.9290650000000000
-5.0499694824218757,-0.0322264851197073,0.0000000000000000,0.8853820000000000
-4.9999694824218750,-0.0324724852130511,0.0000000000000000,0.8935330000000000
-4.9499694824218752,-0.0325309951164518,-0.0000000000000000,0.8870820000000000
-4.8999694824218754,-0.0323998789536194,-0.0000000000000000,0.8883799999999999
-4.8499694824218755,-0.0320777949741129,0.0000000000000000,0.9417100000000000
-4.7999694824218757,-0.0315642041392191,0.0000000000000000,0.9523960000000000
-4.7499694824218750,-0.0308593766260737,0.0000000000000000,0.8871940000000000
-4.6999694824218752,-0.0299643962839529,-0.0000000000000000,0.9030150000000000
-4.6499694824218754,-0.0288811630808767,-0.0000000000000000,0.9377390000000000
-4.5999694824218755,-0.0276123935826045,0.0000000000000000,0.9465090000000000
-4.5499694824218748,-0.0261616195097709,-0.0000000000000000,0.9257069999999999
-4.4999694824218750,-0.0245331844223148,-0.0000000000000000,0.9520910000000000
-4.4499694824218752,-0.0227322385834869,-0.0000000000000000,0.8926550000000000
-4.3999694824218754,-0.0207647320585977,0.0000000000000000,0.8880730000000000
-4.3499694824218755,-0.0186374061062815,-0.0000000000000000,0.9462320000000000
-4.2999694824218748,-0.0163577829224149,0.0000000000000000,0.9548240000000000
-4.2499694824218750,-0.0139341537989424,-0.0000000000000000,0.9563250000000000
-4.1999694824218752,-0.0113755657617290,-0.0000000000000000,0.9541060000000000
-4.1499694824218754,-0.0086918067531947,0.0000000000000000,0.9344940000000000
-4.0999694824218755,-0.0058933894268887,-0.0000000000000000,0.9490030000000000
-4.0499694824218748,-0.0029915336223335,0.0000000000000000,0.9367630000000000
-3.9999694824218750,0.0000018524105648,-0.0000000000000000,0.9002780000000000
-3.9499694824218752,0.0030741919675006,-0.0000000000000000,0.9528730000000000
-3.8999694824218754,0.0062122609555549,0.0000000000000000,0.9424820000000000
-3.8499694824218751,0.0094022099978450,-0.0000000000000000,0.9536340000000000
-3.7999694824218753,0.0126295875059334,0.0000000000000000,0.8932510000000000
-3.7499694824218750,0.0158793636489056,-0.0000000000000000,0.8984200000000000
-3.6999694824218752,0.0191359551482168,0.0000000000000000,0.9521930000000000
-3.6499694824218754,0.0223832508277565,-0.0000000000000000,0.8919680000000000
-3.5999694824218751,0.0256046378490851,-0.0000000000000000,0.8864550000000000
-3.5499694824218753,0.0287830285624523,-0.0000000000000000,0.8842020000000000
-3.4999694824218750,0.0319008879049963,-0.0000000000000000,0.8926510000000000
-3.4499694824218752,0.0349402612784488,-0.0000000000000000,0.9368470000000000
-3.3999694824218754,0.0378828028397132,-0.0000000000000000,0.9519990000000000
-3.3499694824218751,0.0407098041388477,-0.0000000000000000,0.9467160000000000
-3.2999694824218753,0.0434022230402486,0.0000000000000000,0.8948570000000000
-3.2499694824218750,0.0459407128641996,-0.0000000000000000,0.9037750000000000
-3.1999694824218752,0.0483056516874066,-0.0000000000000000,0.8948090000000000
-3.1499694824218754,0.0504771717426826,-0.0000000000000000,0.9466140000000000
-3.0999694824218751,0.0524351888595627,0.0000000000000000,0.9460290000000000
-3.0499694824218753,0.0541594318893178,0.0000000000000000,0.9460720000000000
-2.9999694824218750,0.0556294720595478,-0.0000000000000000,0.9380260000000000
-2.9499694824218752,0.0568247522055935,-0.0000000000000000,0.9064130000000000
-2.8999694824218754,0.0577246158270957,0.0000000000000000,0.8997990000000000
-2.8499694824218751,0.0583083359211975,0.0000000000000000,0.8989970000000000
-2.7999694824218753,0.0585551435445431,0.0000000000000000,0.8836619999999999
-2.7499694824218750,0.0584442560589487,0.0000000000000000,0.9351350000000000
-2.6999694824218752,0.0579549050173516,0.0000000000000000,0.9362390000000000
-2.6499694824218754,0.0570663636486801,0.0000000000000000,0.8902470000000000
-2.5999694824218751,0.0557579739022995,0.0000000000000000,0.9320810000000000
-2.5499694824218753,0.0540091730147142,0.0000000000000000,0.9414650000000000
-2.4999694824218750,0.0517995195632254,-0.0000000000000000,0.9038500000000000
-2.4499694824218752,0.0491087189732675,-0.0000000000000000,0.9434290000000000
-2.3999694824218754,0.0459166484481594,0.0000000000000000,0.9042710000000000
-2.3499694824218751,0.0422033812920114,0.0000000000000000,0.9416369999999999
-2.2999694824218753,0.0379492105985138,-0.0000000000000000,0.8912970000000000
-2.2499694824218750,0.0331346722803037,-0.0000000000000000,0.8876200000000000
-2.1999694824218752,0.0277405674155536,-0.0000000000000000,0.8827600000000000
-2.1499694824218749,0.0217479838903400,0.0000000000000000,0.8883740000000000
-2.0999694824218751,0.0151383173172484,0.0000000000000000,0.8910840000000000
-2.0499694824218753,0.0078932912125222,0.0000000000000000,0.8904990000000000
-1.9999694824218750,-0.0000050235841103,0.0000000000000000,0.9374830000000000
-1.9499694824218752,-0.0085741902610099,-0.0000000000000000,0.9405510000000000
-1.8999694824218751,-0.0178313881699404,0.0000000000000000,0.9475160000000000
-1.8499694824218751,-0.0277933957557503,0.0000000000000000,0.9429070000000001
-1.7999694824218750,-0.0384765742893977,0.0000000000000000,0.9140010000000000
-1.7499694824218750,-0.0498968524116765,-0.0000000000000000,0.8872030000000000
-1.6999694824218752,-0.0620697114934365,0.0000000000000000,0.9392060000000000
-1.6499694824218751,-0.0750101718165739,-0.0000000000000000,0.9086680000000000
-1.5999694824218751,-0.0887327795786014,-0.0000000000000000,0.9396040000000000
-1.5499694824218750,-0.1032515947221916,-0.0000000000000000,0.9443950000000000
-1.4999694824218750,-0.1185801795897221,-0.0000000000000000,0.9462920000000000
-1.4499694824218752,-0.1347315884015463,0.0000000000000000,0.9419260000000000
-1.3999694824218751,-0.1517183575554478,-0.0000000000000000,0.8984710000000000
-1.3499694824218751,-0.1695524967435453,0.0000000000000000,0.9340420000000000
-1.2999694824218750,-0.1882454808817562,-0.0000000000000000,0.9467340000000000
-1.2499694824218750,-0.2078082428458441,-0.0000000000000000,0.9058140000000000
-1.1999694824218752,-0.2282511670070309,0.0000000000000000,0.9587570000000000
-1.1499694824218751,-0.2495840835591745,0.0000000000000000,0.9489990000000000
-1.0999694824218751,-0.2718162636285870,-0.0000000000000000,0.9238260000000000
-1.0499694824218750,-0.2949564151566929,-0.0000000000000000,0.8889120000000000
-0.9999694824218750,-0.3190126795449115,-0.0000000000000000,0.9069250000000000
-0.9499694824218751,-0.3439926290503848,0.0000000000000000,0.9404510000000000
-0.8999694824218750,-0.3699032649204615,-0.0000000000000000,0.9444190000000000
-0.8499694824218751,-0.3967510162531913,-0.0000000000000000,0.9452410000000000
-0.7999694824218750,-0.4245417395704860,-0.0000000000000000,0.9489590000000000
-0.7499694824218750,-0.4532807190900499,-0.0000000000000000,0.8868150000000000
-0.6999694824218751,-0.4829726676816820,-0.0000000000000000,0.9005740000000000
-0.6499694824218750,-0.5136217284931147,0.0000000000000000,0.9001410000000000
-0.5999694824218751,-0.5452314772301454,-0.0000000000000000,0.9027920000000000
-0.5499694824218750,-0.5778049250754803,0.0000000000000000,0.9383130000000000
-0.4999694824218750,-0.6113445222304102,-0.0000000000000000,0.9405670000000000
-0.4499694824218750,-0.6458521620631829,-0.0000000000000000,0.9394290000000000
-0.3999694824218750,-0.6813291858477456,-0.0000000000000000,0.9434270000000000
-0.3499694824218750,-0.7177763880763661,0.0000000000000000,0.9465860000000000
-0.2999694824218750,-0.7551940223295384,0.0000000000000000,0.9357340000000000
-0.2499694824218750,-0.7935818076865111,-0.0000000000000000,0.9463950000000000
-0.1999694824218750,-0.8329389356597603,-0.0000000000000000,0.9470100000000000
-0.1499694824218750,-0.8732640776367484,-0.0000000000000000,0.8928120000000001
-0.0999694824218750,-0.9145553928123809,0.0000000000000000,0.9304760000000000
-0.0499694824218750,-0.9568105365956803,0.0000000000000000,0.8900650000000000
0.0000305175781250,-1.0000266694743474,0.0000000000000000,0.8808380000000000
0.0500305175781250,-1.0442004663210673,-0.0000000000000000,0.8912930000000000
0.1000305175781250,-1.0893281261256602,0.0000000000000000,0.8805269999999999
0.1500305175781250,-1.1354053821374259,0.0000000000000000,0.9342980000000000
0.2000305175781250,-1.1824275124023786,0.0000000000000000,0.9077760000000000
0.2500305175781250,-1.2303893506803654,0.0000000000000000,0.9266070000000000
0.3000305175781250,-1.2792852977275140,0.0000000000000000,0.8922000000000000
0.3500305175781250,-1.3291093329298134,-0.0000000000000000,0.9279380000000000
0.4000305175781250,-1.3798550262741589,-0.0000000000000000,0.8964150000000000
0.4500305175781250,-1.4315155506436457,0.0000000000000000,0.9333080000000000
0.5000305175781250,-1.4840836944244766,0.0000000000000000,0.8845540000000000
0.5500305175781250,-1.5375518744123944,-0.0000000000000000,0.8877810000000000
0.6000305175781251,-1.5919121490071957,0.0000000000000000,0.8908050000000000
0.6500305175781250,-1.6471562316845330,-0.0000000000000000,0.8870290000000000
0.7000305175781251,-1.7032755047349000,-0.0000000000000000,0.9305940000000000
0.7500305175781250,-1.7602610332604491,-0.0000000000000000,0.9327270000000000
0.8000305175781250,-1.8181035794210723,-0.0000000000000000,0.9239760000000000
0.8500305175781251,-1.8767936169219828,-0.0000000000000000,0.9298270000000000
0.9000305175781250,-1.9363213457359272,0.0000000000000000,0.9313439999999999
0.9500305175781251,-1.9966767070540692,0.0000000000000000,0.8822380000000000
1.0000305175781250,-2.0578493984605255,0.0000000000000000,0.8898630000000000
1.0500305175781250,-2.1198288893265960,-0.0000000000000000,0.9481840000000000
1.1000305175781251,-2.1826044364217432,-0.0000000000000000,0.8915729999999999
1.1500305175781251,-2.2461650997395539,-0.0000000000000000,0.8879760000000000
1.2000305175781252,-2.3104997585380485,0.0000000000000000,0.9431680000000000
1.2500305175781250,-2.3755971275949825,0.0000000000000000,0.9315860000000000
1.3000305175781250,-2.4414457736800856,0.0000000000000000,0.8937889999999999
1.3500305175781251,-2.5080341322475577,0.0000000000000000,0.8816770000000000
1.4000305175781251,-2.5753505243536017,-0.0000000000000000,0.9384880000000000
1.4500305175781252,-2.6433831738053311,0.0000000000000000,0.9425350000000000
1.5000305175781250,-2.7121202245489755,-0.0000000000000000,0.8850030000000000
1.5500305175781250,-2.7815497583070710,0.0000000000000000,0.8844160000000000
1.6000305175781251,-2.8516598124759733,0.0000000000000000,0.9422090000000000
1.6500305175781251,-2.9224383982979338,0.0000000000000000,0.9386040000000000
1.7000305175781252,-2.9938735193211201,-0.0000000000000000,0.9382380000000000
1.7500305175781250,-3.0659531901680337,0.0000000000000000,0.9054650000000000
1.8000305175781250,-3.1386654556301337,0.0000000000000000,0.8897370000000000
1.8500305175781251,-3.2119984101119559,0.0000000000000000,0.8908690000000000
1.9000305175781251,-3.2859402174496046,-0.0000000000000000,0.8911050000000000
1.9500305175781252,-3.3604791311315076,0.0000000000000000,0.8982040000000000
2.0000305175781250,-3.4356035149522328,0.0000000000000000,0.8908239999999999
2.0500305175781253,-3.5113018641334750,0.0000000000000000,0.8885600000000000
2.1000305175781251,-3.5875628269496853,0.0000000000000000,0.8941060000000000
2.1500305175781249,-3.6643752268995713,-0.0000000000000000,0.8999970000000000
2.2000305175781252,-3.7417280854686128,0.0000000000000000,0.9299750000000000
2.2500305175781250,-3.8196106455320682,0.0000000000000000,0.9420200000000000
2.3000305175781253,-3.8980123954524903,-0.0000000000000000,0.9433020000000000
2.3500305175781251,-3.9769230939307953,0.0000000000000000,0.8898910000000000
2.4000305175781254,-4.0563327956752380,-0.0000000000000000,0.8868300000000000
2.4500305175781252,-4.1362318779584868,-0.0000000000000000,0.9304280000000000
2.5000305175781250,-4.2166110681392261,-0.0000000000000000,0.9171990000000000
2.5500305175781253,-4.2974614722315705,0.0000000000000000,0.9453660000000000
2.6000305175781251,-4.3787746046128664,-0.0000000000000000,0.9466440000000000
2.6500305175781254,-4.4605424189685907,0.0000000000000000,0.9462940000000000
2.7000305175781252,-4.5427573405816331,0.0000000000000000,0.8922160000000000
2.7500305175781250,-4.6254123000828455,-0.0000000000000000,0.8993210000000000
2.8000305175781253,-4.7085007687899969,0.0000000000000000,0.8968050000000000
2.8500305175781251,-4.7920167957735877,-0.0000000000000000,0.9049360000000000
2.9000305175781254,-4.8759550468002528,-0.0000000000000000,0.9105230000000000
2.9500305175781252,-4.9603108453179505,0.0000000000000000,0.8908860000000000
3.0000305175781250,-5.0450802156618222,-0.0000000000000000,0.8838190000000000
3.0500305175781253,-5.1302599286757786,0.0000000000000000,0.9094630000000000
3.1000305175781251,-5.2158475499624108,-0.0000000000000000,0.9089360000000000
3.1500305175781254,-5.3018414909933860,0.0000000000000000,0.8922450000000000
3.2000305175781252,-5.3882410633336049,-0.0000000000000000,0.9006200000000000
3.2500305175781250,-5.4750465362559257,0.0000000000000000,0.9360740000000000
3.3000305175781253,-5.5622591980489959,0.0000000000000000,0.9285780000000000
3.3500305175781251,-5.6498814213490904,0.0000000000000000,0.8805970000000000
3.4000305175781254,-5.7379167328582596,-0.0000000000000000,0.9006280000000000
3.4500305175781252,-5.8263698878455328,-0.0000000000000000,0.9296330000000000
3.5000305175781250,-5.9152469498662903,0.0000000000000000,0.8989340000000000
3.5500305175781253,-6.0045553761770316,0.0000000000000000,0.9269110000000000
3.6000305175781251,-6.0943041093697117,0.0000000000000000,0.8753280000000000
3.6500305175781254,-6.1845036758016372,-0.0000000000000000,0.9122890000000000
3.7000305175781252,-6.2751662914545587,-0.0000000000000000,0.8858750000000000
3.7500305175781250,-6.3663059759206373,0.0000000000000000,0.9285460000000000
3.8000305175781253,-6.4579386752840593,0.0000000000000000,0.9370820000000000
3.8500305175781251,-6.5500823947464699,-0.0000000000000000,0.9381810000000000
3.9000305175781254,-6.6427573419327910,0.0000000000000000,0.9342950000000000
3.9500305175781252,-6.7359860819125608,0.0000000000000000,0.9346130000000000
4.0000305175781250,-6.8297937050823556,-0.0000000000000000,0.8794770000000000
4.0500305175781248,-6.9242080091781135,0.0000000000000000,0.9050240000000001
4.1000305175781255,-7.0192596968246219,0.0000000000000000,0.9007190000000000
4.1500305175781254,-7.1149825901842449,0.0000000000000000,0.8793260000000001
4.2000305175781252,-7.2114138644415284,-0.0000000000000000,0.8876800000000000
4.2500305175781250,-7.3085943020559414,0.0000000000000000,0.8885800000000000
4.3000305175781248,-7.4065685699360380,0.0000000000000000,0.9131150000000000
4.3500305175781255,-7.5053855219370869,0.0000000000000000,0.8997280000000000
4.4000305175781254,-7.6050985293663116,0.0000000000000000,0.9032770000000000
4.4500305175781252,-7.7057658424929505,0.0000000000000000,0.8935090000000000
4.5000305175781250,-7.8074509864357422,-0.0000000000000000,0.9323340000000000
4.5500305175781248,-7.9102231951853126,0.0000000000000000,0.8873620000000000
4.6000305175781255,-8.0141578880076434,-0.0000000000000000,0.8869899999999999
4.6500305175781254,-8.1193371929903169,0.0000000000000000,0.9365820000000000
4.7000305175781252,-8.2258505231017587,0.0000000000000000,0.9576570000000000
4.7500305175781250,-8.3337952108227356,-0.0000000000000000,0.8880040000000000
4.8000305175781257,-8.4432772081992855,0.0000000000000000,0.8964350000000000
4.8500305175781255,-8.5544118600716015,0.0000000000000000,0.9333950000000000
4.9000305175781254,-8.6673247592740150,0.0000000000000000,0.9440640000000000
4.9500305175781252,-8.7821526937988725,-0.0000000000000000,0.8844990000000000
5.0000305175781250,-8.8990446972990327,0.0000000000000000,0.9093430000000000
5.0500305175781257,-9.0181632159011844,-0.0000000000000000,0.8822600000000000
5.1000305175781255,-9.1396854061529229,-0.0000000000000000,0.9166140000000000
5.1500305175781254,-9.2638045810760126,0.0000000000000000,0.9402650000000000
5.2000305175781252,-9.3907318237996211,0.0000000000000000,0.9339530000000000
5.2500305175781250,-9.5206977911665511,0.0000000000000000,0.9349830000000000
5.3000305175781257,-9.6539547331194804,0.0000000000000000,0.9377680000000000
5.3500305175781255,-9.7907787576786021,-0.0000000000000000,0.9422970000000001
5.4000305175781254,-9.9314723760306514,-0.0000000000000000,0.9382680000000000
5.4500305175781252,-10.0763673678017192,-0.0000000000000000,0.8915380000000001
5.5000305175781250,-10.2258280131533805,-0.0000000000000000,0.8872770000000000
5.5500305175781257,-10.3802547461311008,-0.0000000000000000,0.8888819999999999
5.6000305175781255,-10.5400882929637802,-0.0000000000000000,0.9377050000000000
5.6500305175781254,-10.7058143700796826,0.0000000000000000,0.9399920000000000
5.7000305175781252,-10.8779690298607861,0.0000000000000000,0.8824700000000000
5.7500305175781250,-11.0571447580948359,0.0000000000000000,0.9014210000000000
5.8000305175781257,-11.2439974463139958,-0.0000000000000000,0.8939780000000001
5.8500305175781255,-11.4392543855018154,0.0000000000000000,0.9364390000000000
5.9000305175781254,-11.6437234559782112,-0.0000000000000000,0.8750480000000000
5.9500305175781252,-11.8583037228685626,0.0000000000000000,0.9361260000000000
6.0000305175781250,-12.0839976890027465,-0.0000000000000000,0.9189290000000000
6.0500305175781257,-12.3219255093905780,0.0000000000000000,0.9241509999999999
6.1000305175781255,-12.5733415361871614,-0.0000000000000000,0.8830510000000000
6.1500305175781254,-12.8396536436737243,0.0000000000000000,0.9452840000000000
6.2000305175781252,-13.1224458836521869,-0.0000000000000000,0.8948050000000000
6.2500305175781250,-13.4235051485876191,-0.0000000000000000,0.8819490000000000
6.3000305175781257,-13.7448526805160895,-0.0000000000000000,0.8996720000000000
6.3500305175781255,-14.0887814684135346,-0.0000000000000000,0.8903880000000000
6.4000305175781254,-14.4579008391680741,0.0000000000000000,0.8880710000000001
6.4500305175781252,-14.8551898861789198,-0.0000000000000000,0.9375019999999999
6.5000305175781250,-15.2840618204338377,0.0000000000000000,0.9420020000000000
6.5500305175781257,-15.7484419068927881,0.0000000000000000,0.8878790000000000
6.6000305175781255,-16.2528624131613597,0.0000000000000000,0.8897140000000000
6.6500305175781254,-16.8025790167940805,0.0000000000000000,0.9494320000000001
6.7000305175781252,-17.4037144903572170,0.0000000000000000,0.9085870000000000
6.7500305175781250,-18.0634373510724835,0.0000000000000000,0.9368590000000000
6.8000305175781257,-18.7901857307854563,0.0000000000000000,0.9308710000000000
6.8500305175781255,-19.5939502971845947,0.0000000000000000,0.9415310000000000
6.9000305175781254,-20.4866350962146555,-0.0000000000000000,0.9459560000000000
6.9500305175781252,-21.4825223857784096,0.0000000000000000,0.9181970000000000
7.0000305175781250,-22.5988779729666369,0.0000000000000000,0.8876910000000000
7.0500305175781257,-23.8567489578967908,-0.0000000000000000,0.9276300000000000
7.1000305175781255,-25.2820288765589751,0.0000000000000000,0.9336090000000000
7.1500305175781254,-26.9069005520678033,0.0000000000000000,0.8856410000000000
7.2000305175781252,-28.7718221516608388,0.0000000000000000,0.8837770000000000
7.2500305175781250,-30.9283102543598183,-0.0000000000000000,0.8925470000000000
7.3000305175781257,-33.4429188204365531,-0.0000000000000000,0.8898910000000000
7.3500305175781255,-36.4030584980749552,0.0000000000000000,0.9422920000000000
7.4000305175781254,-39.9257304260653711,0.0000000000000000,0.8984100000000000
7.4500305175781252,-44.1710300414328643,0.0000000000000000,0.8869740000000000
7.5000305175781250,-49.3637610290497904,0.0000000000000000,0.9311300000000000
7.5500305175781257,-55.8294689341821737,0.0000000000000000,0.9404439999999999
7.6000305175781255,-64.0575141912211876,-0.0000000000000000,0.8827850000000000
7.6500305175781254,-74.8182284682707603,-0.0000000000000000,0.8896990000000000
7.7000305175781252,-89.3972608667318411,0.0000000000000000,0.8830890000000000
7.7500305175781250,-110.1112039365227275,-0.0000000000000000,0.8885600000000000
7.8000305175781257,-141.5968204255144656,-0.0000000000000000,0.8854750000000000
7.8500305175781255,-194.6793161584882910,0.0000000000000000,0.8821290000000001
7.9000305175781254,-301.8490934135155612,-0.0000000000000000,0.9221600000000000
7.9500305175781252,-625.6560169214133111,-0.0000000000000000,0.9036590000000000
8.0000305175781250,1063992.4294148411136121,-0.0000000000000000,0.9431100000000000
8.0500305175781257,675.7409040220243241,-0.0000000000000000,0.8891150000000000
8.1000305175781246,352.7755606341002022,0.0000000000000000,0.8930820000000000
8.1500305175781254,246.1300094818031994,-0.0000000000000000,0.8839140000000000
8.2000305175781261,193.6708940225224183,0.0000000000000000,0.9087380000000000
8.2500305175781250,162.9638670122179747,0.0000000000000000,0.8908680000000000
8.3000305175781257,143.2031228319668799,-0.0000000000000000,0.9056999999999999
8.3500305175781246,129.7648498968263198,0.0000000000000000,0.8931150000000000
8.4000305175781254,120.3448881860148987,0.0000000000000000,0.9483630000000000
8.4500305175781261,113.6713016847716347,0.0000000000000000,0.9463210000000000
8.5000305175781250,108.9895765243602312,0.0000000000000000,0.9365210000000000
8.5500305175781257,105.8288490516363538,-0.0000000000000000,0.9405860000000000
8.6000305175781246,103.8852944805708205,0.0000000000000000,0.9402950000000000
8.6500305175781254,102.9596602045555329,-0.0000000000000000,0.8898160000000001
8.7000305175781261,102.9219547396571386,-0.0000000000000000,0.8929980000000000
8.7500305175781250,103.6907214185694244,-0.0000000000000000,0.8899330000000000
8.8000305175781257,105.2206428568156582,0.0000000000000000,0.8882380000000000
8.8500305175781246,107.4952066773971779,0.0000000000000000,0.8901750000000000
8.9000305175781254,110.5226713166985206,0.0000000000000000,0.9282930000000000
8.9500305175781261,114.3343870718215101,-0.0000000000000000,0.8973130000000000
9.0000305175781250,118.9850085443391521,-0.0000000000000000,0.9378600000000000
9.0500305175781257,124.5544560121650477,-0.0000000000000000,0.9016530000000000
9.1000305175781246,131.1517422432218893,0.0000000000000000,0.8957780000000000
9.1500305175781254,138.9210438494668267,-0.0000000000000000,0.8831970000000000
9.2000305175781261,148.0507238285526626,0.0000000000000000,0.8983179999999999
9.2500305175781250,158.7864830735147450,-0.0000000000000000,0.8913990000000001
9.3000305175781257,171.4505577405933252,0.0000000000000000,0.9128480000000000
9.3500305175781246,186.4701065287096640,-0.0000000000000000,0.9399860000000000
9.4000305175781254,204.4200630386634998,-0.0000000000000000,0.9001920000000000
9.4500305175781261,226.0895914736297527,0.0000000000000000,0.9280860000000000
9.5000305175781250,252.5886154283825817,-0.0000000000000000,0.8917540000000000
9.5500305175781257,285.5255465306275937,-0.0000000000000000,0.9433859999999999
9.6000305175781264,327.3184821552161452,0.0000000000000000,0.9474900000000001
9.6500305175781254,381.7733237756926883,0.0000000000000000,0.9410450000000000
9.7000305175781261,455.2402310814787825,0.0000000000000000,0.9462890000000000
9.7500305175781250,559.1581614565541258,0.0000000000000000,0.9505500000000000
9.8000305175781257,716.4170003190292846,-0.0000000000000000,0.8857230000000000
9.8500305175781264,980.4467983014076253,-0.0000000000000000,0.9169610000000000
9.9000305175781254,1511.5925887898124529,-0.0000000000000000,0.9411790000000000
9.9500305175781261,3112.0187782595976387,-0.0000000000000000,0.9414630000000000
10.0000305175781250,-5250564.9151608040556312,-0.0000000000000000,0.9372020000000000
10.0500305175781257,-3304.3935282336233286,0.0000000000000000,0.9401680000000000
10.1000305175781264,-1707.3666281380146756,0.0000000000000000,0.8850300000000000
10.1500305175781254,-1177.5440777353089743,0.0000000000000000,0.8929920000000000
10.2000305175781261,-914.8054869851630428,0.0000000000000000,0.9455650000000000
10.2500305175781250,-759.0662081691110643,0.0000000000000000,0.8899120000000000
10.3000305175781257,-656.9704942923920044,0.0000000000000000,0.9379990000000000
10.3500305175781264,-585.6652936451569076,-0.0000000000000000,0.9363100000000000
10.4000305175781254,-533.7396978480157941,-0.0000000000000000,0.9448400000000000
10.4500305175781261,-494.8709542780998731,-0.0000000000000000,0.9431540000000000
10.5000305175781250,-465.2830716639118123,-0.0000000000000000,0.8949600000000000
10.5500305175781257,-442.5920520499749955,0.0000000000000000,0.8964140000000000
10.6000305175781264,-425.2290361941448964,-0.0000000000000000,0.9388730000000000
10.6500305175781254,-412.1303262415555650,0.0000000000000000,0.8913120000000000
10.7000305175781261,-402.5610150083175540,-0.0000000000000000,0.8862250000000000
10.7500305175781250,-396.0100745987982123,-0.0000000000000000,0.8901190000000000
10.8000305175781257,-392.1258921679700507,-0.0000000000000000,1.0013850000000000
10.8500305175781264,-390.6759161043974018,0.0000000000000000,0.9131280000000001
10.9000305175781254,-391.5214455814277699,-0.0000000000000000,0.9104090000000000
10.9500305175781261,-394.6025196351731665,0.0000000000000000,0.9000770000000000
11.0000305175781250,-399.9300829141056965,-0.0000000000000000,0.8915920000000001
11.0500305175781257,-407.5839662334909690,0.0000000000000000,0.9366540000000000
11.1000305175781264,-417.7161606571115726,-0.0000000000000000,0.8947520000000000
11.1500305175781254,-430.5596435243768383,-0.0000000000000000,0.8783960000000000
11.2000305175781261,-446.4438247668319377,-0.0000000000000000,0.8823870000000000
11.2500305175781250,-465.8187164071795223,0.0000000000000000,0.9431150000000000
11.3000305175781257,-489.2914554640856295,0.0000000000000000,0.9389790000000000
11.3500305175781264,-517.6812784154240035,0.0000000000000000,0.9093040000000000
11.4000305175781254,-552.1032829884021567,-0.0000000000000000,0.8957330000000000
11.4500305175781261,-594.0989598606894333,0.0000000000000000,0.8986690000000001
11.5000305175781250,-645.8459636151649192,0.0000000000000000,0.9363750000000000
11.5500305175781257,-710.5085347428264413,0.0000000000000000,0.9339710000000000
11.6000305175781264,-792.8514649303701844,-0.0000000000000000,0.9464710000000000
11.6500305175781254,-900.3810118173278170,-0.0000000000000000,0.9387290000000000
11.7000305175781261,-1045.6274595890683941,-0.0000000000000000,0.9032010000000000
11.7500305175781250,-1251.1676977456331770,-0.0000000000000000,0.9335850000000000
11.8000305175781257,-1562.1834628201872874,0.0000000000000000,0.9318920000000001
11.8500305175781264,-2084.1419177302250318,-0.0000000000000000,0.8840650000000000
11.9000305175781254,-3133.5534666426524382,0.0000000000000000,0.9392660000000000
11.9500305175781261,-6293.8306980060497153,-0.0000000000000000,0.9341260000000000
12.0000305175781250,10364047.4087216332554817,0.0000000000000000,0.9413629999999999
12.0500305175781257,6368.7402101747829875,0.0000000000000000,0.9423470000000000
12.1000305175781264,3214.5636643411339719,-0.0000000000000000,0.8931070000000000
12.1500305175781254,2166.7430032826287061,0.0000000000000000,0.8880200000000000
12.2000305175781261,1645.8917310331867156,-0.0000000000000000,0.9354880000000000
12.2500305175781250,1336.0010998726806974,0.0000000000000000,0.9390470000000000
12.3000305175781257,1131.7343555567938438,0.0000000000000000,0.9296570000000000
12.3500305175781264,987.9619387206788588,-0.0000000000000000,0.9124949999999999
12.4000305175781254,882.1370972421703982,0.0000000000000000,0.8937570000000000
12.4500305175781261,801.7531716576631879,-0.0000000000000000,0.8961920000000000
12.5000305175781250,739.3265406752529998,0.0000000000000000,0.8961130000000000
