-12.4999694824218750,-3561453854.2549400329589844,0.0000000000134440,0.0000600000000000
-12.4499694824218761,-2881981966.0470890998840332,-0.0000000000048226,0.0000610000000000
-12.3999694824218754,-2298513860.3707857131958008,-0.0000000000010731,0.0000600000000000
-12.3499694824218764,-1800827771.5663979053497314,-0.0000000000002932,0.0000610000000000
-12.2999694824218757,-1379333454.3853230476379395,0.0000000000035867,0.0000620000000000
-12.2499694824218750,-1025117667.9841555356979370,0.0000000000006670,0.0000600000000000
-12.1999694824218761,-729965763.9806827306747437,0.0000000000047317,0.0000590000000000
-12.1499694824218754,-486364462.2167602777481079,0.0000000000039769,0.0000680000000000
-12.0999694824218764,-287490096.4539828300476074,-0.0000000000019275,0.0000610000000000
-12.0499694824218757,-127185911.1332318186759949,-0.0000000000003306,0.0000560000000000
-11.9999694824218750,68619.6901174403465120,0.0000000000000006,0.0000560000000000
-11.9499694824218761,99194008.0061232298612595,0.0000000000009430,0.0000610000000000
-11.8999694824218754,174550513.1339667439460754,-0.0000000000012969,0.0000550000000000
-11.8499694824218764,229979848.3072787523269653,-0.0000000000008389,0.0000620000000000
-11.7999694824218757,268847562.7483371496200562,0.0000000000021527,0.0000620000000000
-11.7499694824218750,294085108.6864010095596313,0.0000000000020182,0.0000540000000000
-11.6999694824218761,308230837.1241955757141113,0.0000000000006420,0.0000550000000000
-11.6499694824218754,313469361.3365104794502258,0.0000000000007119,0.0000540000000000
-11.5999694824218764,311668888.2937641143798828,0.0000000000024035,0.0000550000000000
-11.5499694824218757,304416250.1091122031211853,0.0000000000013788,0.0000550000000000
-11.4999694824218750,293049474.3784689903259277,-0.0000000000013558,0.0000560000000000
-11.4499694824218761,278687817.6197562217712402,0.0000000000029319,0.0000590000000000
-11.3999694824218754,262259253.1892843544483185,0.0000000000040477,0.0000610000000000
-11.3499694824218764,244525456.9306580722332001,-0.0000000000030347,0.0000580000000000
-11.2999694824218757,226104372.9039254188537598,-0.0000000000032102,0.0000590000000000
-11.2499694824218750,207490470.0308837890625000,-0.0000000000029638,0.0000620000000000
-11.1999694824218761,189072820.2620817422866821,0.0000000000015101,0.0000600000000000
-11.1499694824218754,171151141.5437515974044800,0.0000000000013188,0.0000570000000000
-11.0999694824218764,153949955.8250613212585449,-0.0000000000019592,0.0000560000000000
-11.0499694824218757,137631014.7761889398097992,-0.0000000000008188,0.0000630000000000
-10.9999694824218750,122304144.7812484502792358,0.0000000000009536,0.0000530000000000
-10.9499694824218761,108036658.9619925767183304,0.0000000000006749,0.0000550000000000
-10.8999694824218754,94861478.1739889979362488,-0.0000000000000757,0.0000560000000000
-10.8499694824218764,82784095.6708596199750900,0.0000000000012110,0.0000570000000000
-10.7999694824218757,71788511.9242153316736221,0.0000000000011663,0.0000580000000000
-10.7499694824218750,61842257.2976731956005096,-0.0000000000008244,0.0000600000000000
-10.6999694824218761,52900611.2070283144712448,0.0000000000005134,0.0000580000000000
-10.6499694824218754,44910117.2950167059898376,0.0000000000007752,0.0000580000000000
-10.5999694824218764,37811485.1933973804116249,-0.0000000000008157,0.0000580000000000
-10.5499694824218757,31541960.7771371863782406,-0.0000000000005311,0.0000560000000000
-10.4999694824218750,26037238.5374613143503666,-0.0000000000006095,0.0000600000000000
-10.4499694824218761,21232981.8834885284304619,0.0000000000004146,0.0000570000000000
-10.3999694824218754,17066009.8720178343355656,0.0000000000001742,0.0000560000000000
-10.3499694824218764,13475202.0872577801346779,-0.0000000000000588,0.0000550000000000
-10.2999694824218757,10402167.1562703624367714,0.0000000000001031,0.0000570000000000
-10.2499694824218750,7791714.6884052474051714,-0.0000000000000757,0.0000570000000000
-10.1999694824218761,5592165.2550888806581497,0.0000000000000352,0.0000570000000000
-10.1499694824218754,3755528.3599381288513541,0.0000000000001016,0.0000610000000000
-10.0999694824218764,2237574.1630208995193243,-0.0000000000000348,0.0000570000000000
-10.0499694824218757,997820.9884609217988327,0.0000000000000261,0.0000570000000000
-9.9999694824218750,-542.6693730631277504,0.0000000000000000,0.0000560000000000
-9.9499694824218761,-790785.8510615618433803,-0.0000000000000097,0.0000600000000000
-9.8999694824218754,-1402799.3272251088637859,0.0000000000000091,0.0000570000000000
-9.8499694824218764,-1863285.3055451838299632,0.0000000000000020,0.0000620000000000
-9.7999694824218757,-2195963.6209013252519071,0.0000000000000188,0.0000590000000000
-9.7499694824218750,-2421787.0639154342934489,0.0000000000000242,0.0000600000000000
-9.6999694824218761,-2559159.9499844331294298,0.0000000000000390,0.0000560000000000
-9.6499694824218754,-2624155.2663201880641282,-0.0000000000000297,0.0000560000000000
-9.5999694824218764,-2630726.7827137522399426,-0.0000000000000744,0.0000600000000000
-9.5499694824218757,-2590913.3949131127446890,-0.0000000000000651,0.0000550000000000
-9.4999694824218750,-2515033.7079770821146667,0.0000000000000316,0.0000560000000000
-9.4499694824218761,-2411869.4792245361022651,-0.0000000000000221,0.0000600000000000
-9.3999694824218754,-2288837.0431399173103273,-0.0000000000000466,0.0000570000000000
-9.3499694824218746,-2152146.2488335589878261,0.0000000000000267,0.0000570000000000
-9.2999694824218757,-2006946.7678043709602207,0.0000000000000765,0.0000570000000000
-9.2499694824218750,-1857461.8877427610568702,0.0000000000000150,0.0000600000000000
-9.1999694824218761,-1707110.1074950019828975,-0.0000000000000539,0.0000570000000000
-9.1499694824218754,-1558614.9983741533942521,-0.0000000000000485,0.0000570000000000
-9.0999694824218746,-1414103.9058804220985621,0.0000000000000188,0.0000550000000000
-9.0499694824218757,-1275196.1406695244368166,-0.0000000000000396,0.0000550000000000
-8.9999694824218750,-1143081.3544225848745555,-0.0000000000000380,0.0000530000000000
-8.9499694824218761,-1018588.8204171590041369,-0.0000000000000127,0.0000550000000000
-8.8999694824218754,-902248.3446122856112197,0.0000000000000018,0.0000540000000000
-8.8499694824218746,-794343.5248061894671991,0.0000000000000034,0.0000590000000000
-8.7999694824218757,-694958.0561737159732729,0.0000000000000176,0.0000540000000000
-8.7499694824218750,-604015.7539925855817273,-0.0000000000000133,0.0000590000000000
-8.6999694824218761,-521314.9309161939891055,0.0000000000000021,0.0000660000000000
-8.6499694824218754,-446557.7286430833628401,-0.0000000000000087,0.0000530000000000
-8.5999694824218746,-379374.9638229451375082,-0.0000000000000175,0.0000530000000000
-8.5499694824218757,-319347.0067831093911082,0.0000000000000022,0.0000540000000000
-8.4999694824218750,-266021.1701626930735074,0.0000000000000115,0.0000570000000000
-8.4499694824218761,-218926.0435922795149963,0.0000000000000044,0.0000610000000000
-8.3999694824218754,-177583.1707615858176723,0.0000000000000043,0.0000590000000000
-8.3499694824218746,-141516.4270296112517826,-0.0000000000000110,0.0000590000000000
-8.2999694824218757,-110259.4194765857246239,-0.0000000000000087,0.0000590000000000
-8.2499694824218750,-83361.1971954126493074,0.0000000000000031,0.0000590000000000
-8.1999694824218761,-60390.5278061341377907,0.0000000000000026,0.0000580000000000
-8.1499694824218754,-40938.9667147886357270,-0.0000000000000004,0.0000600000000000
-8.0999694824218746,-24622.9185368879843736,0.0000000000000011,0.0000590000000000
-8.0499694824218757,-11084.8653307502754615,-0.0000000000000001,0.0000570000000000
-7.9999694824218750,6.0862308157926011,-0.0000000000000000,0.0000560000000000
-7.9499694824218752,8954.2069736224748340,-0.0000000000000002,0.0000550000000000
-7.8999694824218754,16037.5831405174285464,-0.0000000000000012,0.0000550000000000
-7.8499694824218755,21508.8930015021251165,0.0000000000000017,0.0000560000000000
-7.7999694824218757,25596.4396065093496873,0.0000000000000014,0.0000540000000000
-7.7499694824218750,28505.3700283738726284,-0.0000000000000018,0.0000590000000000
-7.6999694824218752,30419.0228058628053986,-0.0000000000000012,0.0000550000000000
-7.6499694824218754,31500.3552562906479579,-0.0000000000000029,0.0000560000000000
-7.5999694824218755,31893.4110118316129956,0.0000000000000018,0.0000570000000000
-7.5499694824218757,31724.7956654486479238,-0.0000000000000029,0.0000550000000000
-7.4999694824218750,31105.1349073304336343,-0.0000000000000011,0.0000550000000000
-7.4499694824218752,30130.4950998699096090,0.0000000000000034,0.0000550000000000
-7.3999694824218754,28883.7509801633023017,0.0000000000000023,0.0000540000000000
-7.3499694824218755,27435.8891878613176232,0.0000000000000015,0.0000540000000000
-7.2999694824218757,25847.2396795340246172,0.0000000000000008,0.0000550000000000
-7.2499694824218750,24168.6298876711152843,0.0000000000000021,0.0000560000000000
-7.1999694824218752,22442.4587850021998747,0.0000000000000001,0.0000600000000000
-7.1499694824218754,20703.6898880830012786,0.0000000000000009,0.0000570000000000
-7.0999694824218755,18980.7637366198468953,-0.0000000000000030,0.0000570000000000
-7.0499694824218757,17296.4315692432028300,0.0000000000000009,0.0000580000000000
-6.9999694824218750,15668.5128291139662906,0.0000000000000003,0.0000530000000000
-6.9499694824218752,14110.5798152934639802,0.0000000000000001,0.0000560000000000
-6.8999694824218754,12632.5732847937924817,-0.0000000000000008,0.0000550000000000
-6.8499694824218755,11241.3531377655272081,-0.0000000000000011,0.0000560000000000
-6.7999694824218757,9941.1885124396721949,0.0000000000000008,0.0000550000000000
-6.7499694824218750,8734.1917016198967758,-0.0000000000000015,0.0000550000000000
-6.6999694824218752,7620.7002998233592734,-0.0000000000000008,0.0000560000000000
-6.6499694824218754,6599.6119177395876250,0.0000000000000002,0.0000540000000000
-6.5999694824218755,5668.6756740298442310,0.0000000000000008,0.0000550000000000
-6.5499694824218757,4824.7445067975822894,0.0000000000000011,0.0000550000000000
-6.4999694824218750,4063.9921494330255882,-0.0000000000000001,0.0000560000000000
-6.4499694824218752,3382.0983972642111439,-0.0000000000000001,0.0000560000000000
-6.3999694824218754,2774.4060602371341702,-0.0000000000000002,0.0000570000000000
-6.3499694824218755,2236.0527590209130722,0.0000000000000003,0.0000550000000000
-6.2999694824218757,1762.0804826127946399,0.0000000000000003,0.0000550000000000
-6.2499694824218750,1347.5255887954456284,-0.0000000000000001,0.0000550000000000
-6.1999694824218752,987.4916978830507333,0.0000000000000000,0.0000550000000000
-6.1499694824218754,677.2077075399040496,-0.0000000000000000,0.0000550000000000
-6.0999694824218755,412.0729438864659642,-0.0000000000000001,0.0000540000000000
-6.0499694824218757,187.6912629102270387,-0.0000000000000000,0.0000540000000000
-5.9999694824218750,-0.1042727834066788,-0.0000000000000000,0.0000550000000000
-5.9499694824218752,-155.2346931336831801,0.0000000000000000,0.0000570000000000
-5.8999694824218754,-281.3651103685840553,-0.0000000000000000,0.0000590000000000
-5.8499694824218755,-381.9002645973713470,0.0000000000000001,0.0000580000000000
-5.7999694824218757,-459.9846285498795169,-0.0000000000000000,0.0000590000000000
-5.7499694824218750,-518.5062006181254901,-0.0000000000000001,0.0000590000000000
-5.6999694824218752,-560.1032295433494710,-0.0000000000000001,0.0000590000000000
-5.6499694824218754,-587.1732171927593527,0.0000000000000001,0.0000570000000000
-5.5999694824218755,-601.8836385224560672,-0.0000000000000001,0.0000560000000000
-5.5499694824218757,-606.1839006969204320,-0.0000000000000001,0.0000590000000000
-5.4999694824218750,-601.8181371169763452,0.0000000000000001,0.0000560000000000
-5.4499694824218752,-590.3384974855281371,-0.0000000000000002,0.0000550000000000
-5.3999694824218754,-573.1186526921292170,-0.0000000000000001,0.0000540000000000
-5.3499694824218755,-551.3672838843220916,0.0000000000000002,0.0000540000000000
-5.2999694824218757,-526.1413692519246297,0.0000000000000001,0.0000540000000000
-5.2499694824218750,-498.3591203866164960,-0.0000000000000002,0.0000520000000000
-5.1999694824218752,-468.8124531673288402,-0.0000000000000001,0.0000530000000000
-5.1499694824218754,-438.1789065008617285,0.0000000000000000,0.0000580000000000
-5.0999694824218755,-407.0329464195082778,-0.0000000000000000,0.0000550000000000
-5.0499694824218757,-375.8566134693127196,0.0000000000000000,0.0000540000000000
-4.9999694824218750,-345.0494884435707945,0.0000000000000001,0.0000530000000000
-4.9499694824218752,-314.9379657203974148,-0.0000000000000001,0.0000560000000000
-4.8999694824218754,-285.7838351102919887,0.0000000000000000,0.0000560000000000
-4.8499694824218755,-257.7921825362725485,0.0000000000000001,0.0000570000000000
-4.7999694824218757,-231.1186273506859834,-0.0000000000000001,0.0000550000000000
-4.7499694824218750,-205.8759199050900293,-0.0000000000000000,0.0000550000000000
-4.6999694824218752,-182.1399273708697137,0.0000000000000001,0.0000550000000000
-4.6499694824218754,-159.9550389710309162,-0.0000000000000001,0.0000550000000000
-4.5999694824218755,-139.3390239167612208,-0.0000000000000001,0.0000540000000000
-4.5499694824218748,-120.2873766127382567,0.0000000000000001,0.0000530000000000
-4.4999694824218750,-102.7771842498462149,-0.0000000000000000,0.0000540000000000
-4.4499694824218752,-86.7705518716079922,-0.0000000000000000,0.0000560000000000
-4.3999694824218754,-72.2176194935321121,0.0000000000000000,0.0000570000000000
-4.3499694824218755,-59.0592049699881940,-0.0000000000000000,0.0000560000000000
-4.2999694824218748,-47.2291051251041125,-0.0000000000000000,0.0000570000000000
-4.2499694824218750,-36.6560862644229672,0.0000000000000000,0.0000580000000000
-4.1999694824218752,-27.2655936238839018,-0.0000000000000000,0.0000570000000000
-4.1499694824218754,-18.9812076438553063,-0.0000000000000000,0.0000570000000000
-4.0999694824218755,-11.7258732217632886,-0.0000000000000000,0.0000570000000000
-4.0499694824218748,-5.4229263333305937,-0.0000000000000000,0.0000560000000000
-3.9999694824218750,0.0030593509333178,-0.0000000000000000,0.0000550000000000
-3.9499694824218752,4.6255849666763131,-0.0000000000000000,0.0000550000000000
-3.8999694824218754,8.5156788830210832,0.0000000000000000,0.0000540000000000
-3.8499694824218751,11.7414715035811934,0.0000000000000000,0.0000540000000000
-3.7999694824218753,14.3678764577927982,0.0000000000000000,0.0000540000000000
-3.7499694824218750,16.4563636912442632,-0.0000000000000000,0.0000540000000000
-3.6999694824218752,18.0648113729644635,0.0000000000000000,0.0000530000000000
-3.6499694824218754,19.2474248607453369,-0.0000000000000000,0.0000530000000000
-3.5999694824218751,20.0547122009427881,0.0000000000000000,0.0000530000000000
-3.5499694824218753,20.5335067867270737,-0.0000000000000000,0.0000530000000000
-3.4999694824218750,20.7270288595386276,0.0000000000000000,0.0000530000000000
-3.4499694824218752,20.6749785146059644,0.0000000000000000,0.0000580000000000
-3.3999694824218754,20.4136537656018326,-0.0000000000000000,0.0000570000000000
-3.3499694824218751,19.9760880392224358,-0.0000000000000000,0.0000540000000000
-3.2999694824218753,19.3922022114554018,0.0000000000000000,0.0000550000000000
-3.2499694824218750,18.6889669676223669,-0.0000000000000000,0.0000550000000000
-3.1999694824218752,17.8905718721861717,-0.0000000000000000,0.0000580000000000
-3.1499694824218754,17.0185980761264979,0.0000000000000000,0.0000570000000000
-3.0999694824218751,16.0921920737556796,0.0000000000000000,0.0000560000000000
-3.0499694824218753,15.1282383514553089,-0.0000000000000000,0.0000560000000000
-2.9999694824218750,14.1415291521636330,-0.0000000000000000,0.0000500000000000
-2.9499694824218752,13.1449299155918169,0.0000000000000000,0.0000500000000000
-2.8999694824218754,12.1495392489934488,-0.0000000000000000,0.0000510000000000
-2.8499694824218751,11.1648425405719660,0.0000000000000000,0.0000530000000000
-2.7999694824218753,10.1988585508001819,-0.0000000000000000,0.0000520000000000
-2.7499694824218750,9.2582785093559572,-0.0000000000000000,0.0000480000000000
-2.6999694824218752,8.3485974101456026,-0.0000000000000000,0.0000480000000000
-2.6499694824218754,7.4742373368758139,-0.0000000000000000,0.0000480000000000
-2.5999694824218751,6.6386627695221376,-0.0000000000000000,0.0000480000000000
-2.5499694824218753,5.8444879202924893,0.0000000000000000,0.0000500000000000
-2.4999694824218750,5.0935762285677582,0.0000000000000000,0.0000500000000000
-2.4499694824218752,4.3871322098931120,0.0000000000000000,0.0000500000000000
-2.3999694824218754,3.7257859062845626,-0.0000000000000000,0.0000500000000000
-2.3499694824218751,3.1096702256257505,-0.0000000000000000,0.0000500000000000
-2.2999694824218753,2.5384914883124221,0.0000000000000000,0.0000540000000000
-2.2499694824218750,2.0115935209589697,-0.0000000000000000,0.0000540000000000
-2.1999694824218752,1.5280156511703740,0.0000000000000000,0.0000500000000000
-2.1499694824218749,1.0865449652281378,0.0000000000000000,0.0000520000000000
-2.0999694824218751,0.6857631930440466,-0.0000000000000000,0.0000520000000000
-2.0499694824218753,0.3240885827884804,0.0000000000000000,0.0000530000000000
-1.9999694824218750,-0.0001868780123822,0.0000000000000000,0.0000550000000000
-1.9499694824218752,-0.2888645467036272,-0.0000000000000000,0.0000530000000000
-1.8999694824218751,-0.5438101778031751,0.0000000000000000,0.0000540000000000
-1.8499694824218751,-0.7669286189276178,0.0000000000000000,0.0000540000000000
-1.7999694824218750,-0.9601418400777483,0.0000000000000000,0.0000530000000000
-1.7499694824218750,-1.1253700011972152,-0.0000000000000000,0.0000530000000000
-1.6999694824218752,-1.2645152787519567,-0.0000000000000000,0.0000540000000000
-1.6499694824218751,-1.3794481882825469,-0.0000000000000000,0.0000530000000000
-1.5999694824218751,-1.4719961562157247,0.0000000000000000,0.0000520000000000
-1.5499694824218750,-1.5439341104846449,-0.0000000000000000,0.0000540000000000
-1.4999694824218750,-1.5969768755343623,0.0000000000000000,0.0000510000000000
-1.4499694824218752,-1.6327731729456243,0.0000000000000000,0.0000490000000000
-1.3999694824218751,-1.6529010440889778,0.0000000000000000,0.0000500000000000
-1.3499694824218751,-1.6588645258391259,-0.0000000000000000,0.0000500000000000
-1.2999694824218750,-1.6520914243733380,-0.0000000000000000,0.0000520000000000
-1.2499694824218750,-1.6339320454022044,0.0000000000000000,0.0000510000000000
-1.1999694824218752,-1.6056587518058132,-0.0000000000000000,0.0000510000000000
-1.1499694824218751,-1.5684662315560076,-0.0000000000000000,0.0000510000000000
-1.0999694824218751,-1.5234723699891040,0.0000000000000000,0.0000530000000000
-1.0499694824218750,-1.4717196309554654,-0.0000000000000000,0.0000500000000000
-0.9999694824218750,-1.4141768611225203,-0.0000000000000000,0.0000480000000000
-0.9499694824218751,-1.3517414407616528,-0.0000000000000000,0.0000500000000000
-0.8999694824218750,-1.2852417127276641,-0.0000000000000000,0.0000610000000000
-0.8499694824218751,-1.2154396290662761,0.0000000000000000,0.0000490000000000
-0.7999694824218750,-1.1430335617877592,-0.0000000000000000,0.0000500000000000
-0.7499694824218750,-1.0686612308522641,0.0000000000000000,0.0000510000000000
-0.6999694824218751,-0.9929027083555086,0.0000000000000000,0.0000530000000000
-0.6499694824218750,-0.9162834633135842,0.0000000000000000,0.0000520000000000
-0.5999694824218751,-0.8392774163544012,0.0000000000000000,0.0000530000000000
-0.5499694824218750,-0.7623099780626199,0.0000000000000000,0.0000520000000000
-0.4999694824218750,-0.6857610487259367,-0.0000000000000000,0.0000540000000000
-0.4499694824218750,-0.6099679608241302,-0.0000000000000000,0.0000530000000000
-0.3999694824218750,-0.5352283488179986,0.0000000000000000,0.0000530000000000
-0.3499694824218750,-0.4618029336620693,-0.0000000000000000,0.0000510000000000
-0.2999694824218750,-0.3899182120102598,-0.0000000000000000,0.0000520000000000
-0.2499694824218750,-0.3197690423338778,-0.0000000000000000,0.0000520000000000
-0.1999694824218750,-0.2515211221514100,-0.0000000000000000,0.0000510000000000
-0.1499694824218750,-0.1853133523031489,-0.0000000000000000,0.0000510000000000
-0.0999694824218750,-0.1212600857130263,-0.0000000000000000,0.0000500000000000
-0.0499694824218750,-0.0594532593859805,-0.0000000000000000,0.0000490000000000
0.0000305175781250,0.0000355904887767,0.0000000000000000,0.0000510000000000
0.0500305175781250,0.0571534295018987,-0.0000000000000000,0.0000500000000000
0.1000305175781250,0.1118639404213314,-0.0000000000000000,0.0000540000000000
0.1500305175781250,0.1641458507147662,-0.0000000000000000,0.0000530000000000
0.2000305175781250,0.2139913693336166,-0.0000000000000000,0.0000530000000000
0.2500305175781250,0.2614047294454478,0.0000000000000000,0.0000530000000000
0.3000305175781250,0.3064008334457582,0.0000000000000000,0.0000530000000000
0.3500305175781250,0.3490039963064140,0.0000000000000000,0.0000530000000000
0.4000305175781250,0.3892467831167730,0.0000000000000000,0.0000510000000000
0.4500305175781250,0.4271689365353747,0.0000000000000000,0.0000510000000000
0.5000305175781250,0.4628163897867153,-0.0000000000000000,0.0000510000000000
0.5500305175781250,0.4962403608014916,0.0000000000000000,0.0000520000000000
0.6000305175781251,0.5274965231030290,-0.0000000000000000,0.0000500000000000
0.6500305175781250,0.5566442490812831,0.0000000000000000,0.0000500000000000
0.7000305175781251,0.5837459213633456,0.0000000000000000,0.0000500000000000
0.7500305175781250,0.6088663080809564,-0.0000000000000000,0.0000540000000000
0.8000305175781250,0.6320719979467343,-0.0000000000000000,0.0000490000000000
0.8500305175781251,0.6534308911778849,-0.0000000000000000,0.0000480000000000
0.9000305175781250,0.6730117424456048,-0.0000000000000000,0.0000480000000000
0.9500305175781251,0.6908837521773298,-0.0000000000000000,0.0000470000000000
1.0000305175781250,0.7071162026947163,0.0000000000000000,0.0000450000000000
1.0500305175781250,0.7217781358305773,-0.0000000000000000,0.0000480000000000
1.1000305175781251,0.7349380688309234,0.0000000000000000,0.0000490000000000
1.1500305175781251,0.7466637455121244,0.0000000000000000,0.0000490000000000
1.2000305175781252,0.7570219198065286,0.0000000000000000,0.0000500000000000
1.2500305175781250,0.7660781689914971,0.0000000000000000,0.0000490000000000
1.3000305175781250,0.7738967340556607,-0.0000000000000000,0.0000490000000000
1.3500305175781251,0.7805403848114517,0.0000000000000000,0.0000500000000000
1.4000305175781251,0.7860703075139567,-0.0000000000000000,0.0000510000000000
1.4500305175781252,0.7905460128922780,-0.0000000000000000,0.0000490000000000
1.5000305175781250,0.7940252626404777,0.0000000000000000,0.0000480000000000
1.5500305175781250,0.7965640125505108,0.0000000000000000,0.0000490000000000
1.6000305175781251,0.7982163705990661,0.0000000000000000,0.0000500000000000
1.6500305175781251,0.7990345684237985,-0.0000000000000000,0.0000500000000000
1.7000305175781252,0.7990689447419949,0.0000000000000000,0.0000630000000000
1.7500305175781250,0.7983679393762020,-0.0000000000000000,0.0000500000000000
1.8000305175781250,0.7969780966568536,-0.0000000000000000,0.0000530000000000
1.8500305175781251,0.7949440770714968,0.0000000000000000,0.0000560000000000
1.9000305175781251,0.7923086761239334,0.0000000000000000,0.0000530000000000
1.9500305175781252,0.7891128494546770,0.0000000000000000,0.0000530000000000
2.0000305175781250,0.7853957433566390,-0.0000000000000000,0.0000510000000000
2.0500305175781253,0.7811947298971793,-0.0000000000000000,0.0000540000000000
2.1000305175781251,0.7765454459296941,0.0000000000000000,0.0000540000000000
2.1500305175781249,0.7714818353450650,0.0000000000000000,0.0000540000000000
2.2000305175781252,0.7660361939756820,-0.0000000000000000,0.0000530000000000
2.2500305175781250,0.7602392166226885,0.0000000000000000,0.0000510000000000
2.3000305175781253,0.7541200457307000,-0.0000000000000000,0.0000530000000000
2.3500305175781251,0.7477063212838646,-0.0000000000000000,0.0000530000000000
2.4000305175781254,0.7410242315428297,-0.0000000000000000,0.0000540000000000
2.4500305175781252,0.7340985642843372,-0.0000000000000000,0.0000520000000000
2.5000305175781250,0.7269527582438557,-0.0000000000000000,0.0000520000000000
2.5500305175781253,0.7196089544971799,-0.0000000000000000,0.0000520000000000
2.6000305175781251,0.7120880475494183,-0.0000000000000000,0.0000530000000000
2.6500305175781254,0.7044097359295022,-0.0000000000000000,0.0000500000000000
2.7000305175781252,0.6965925721154057,0.0000000000000000,0.0000510000000000
2.7500305175781250,0.6886540116399049,0.0000000000000000,0.0000500000000000
2.8000305175781253,0.6806104612490465,0.0000000000000000,0.0000530000000000
2.8500305175781251,0.6724773260057404,-0.0000000000000000,0.0000510000000000
2.9000305175781254,0.6642690552491740,-0.0000000000000000,0.0000510000000000
2.9500305175781252,0.6559991873372032,0.0000000000000000,0.0000540000000000
3.0000305175781250,0.6476803931136841,-0.0000000000000000,0.0000510000000000
3.0500305175781253,0.6393245180559493,-0.0000000000000000,0.0000510000000000
3.1000305175781251,0.6309426230694704,0.0000000000000000,0.0000510000000000
3.1500305175781254,0.6225450239072635,0.0000000000000000,0.0000510000000000
3.2000305175781252,0.6141413292009393,-0.0000000000000000,0.0000550000000000
3.2500305175781250,0.6057404770985092,-0.0000000000000000,0.0000540000000000
3.3000305175781253,0.5973507705113078,-0.0000000000000000,0.0000510000000000
3.3500305175781251,0.5889799109786983,0.0000000000000000,0.0000520000000000
3.4000305175781254,0.5806350311647156,0.0000000000000000,0.0000520000000000
3.4500305175781252,0.5723227260055284,0.0000000000000000,0.0000530000000000
3.5000305175781250,0.5640490825306586,-0.0000000000000000,0.0000510000000000
3.5500305175781253,0.5558197083842983,0.0000000000000000,0.0000650000000000
3.6000305175781251,0.5476397590759626,-0.0000000000000000,0.0000540000000000
3.6500305175781254,0.5395139639920539,0.0000000000000000,0.0000540000000000
3.7000305175781252,0.5314466512018403,0.0000000000000000,0.0000540000000000
3.7500305175781250,0.5234417710928588,0.0000000000000000,0.0000540000000000
3.8000305175781253,0.5155029188718955,-0.0000000000000000,0.0000480000000000
3.8500305175781251,0.5076333559685275,-0.0000000000000000,0.0000480000000000
3.9000305175781254,0.4998360303787499,0.0000000000000000,0.0000540000000000
3.9500305175781252,0.4921135959865137,-0.0000000000000000,0.0000540000000000
4.0000305175781250,0.4844684309010484,0.0000000000000000,0.0000490000000000
4.0500305175781248,0.4769026548477517,0.0000000000000000,0.0000500000000000
4.1000305175781255,0.4694181456501108,-0.0000000000000000,0.0000510000000000
4.1500305175781254,0.4620165548397044,0.0000000000000000,0.0000520000000000
4.2000305175781252,0.4546993224307664,-0.0000000000000000,0.0000590000000000
4.2500305175781250,0.4474676908951269,-0.0000000000000000,0.0000510000000000
4.3000305175781248,0.4403227183726012,-0.0000000000000000,0.0000500000000000
4.3500305175781255,0.4332652911510564,0.0000000000000000,0.0000500000000000
4.4000305175781254,0.4262961354495117,-0.0000000000000000,0.0000510000000000
4.4500305175781252,0.4194158285366815,0.0000000000000000,0.0000510000000000
4.5000305175781250,0.4126248092164057,-0.0000000000000000,0.0000510000000000
4.5500305175781248,0.4059233877104055,0.0000000000000000,0.0000540000000000
4.6000305175781255,0.3993117549677853,-0.0000000000000000,0.0000530000000000
4.6500305175781254,0.3927899914296721,0.0000000000000000,0.0000530000000000
4.7000305175781252,0.3863580752763418,-0.0000000000000000,0.0000530000000000
4.7500305175781250,0.3800158901831535,0.0000000000000000,0.0000530000000000
4.8000305175781257,0.3737632326105767,0.0000000000000000,0.0000660000000000
4.8500305175781255,0.3675998186525811,0.0000000000000000,0.0000510000000000
4.9000305175781254,0.3615252904666502,-0.0000000000000000,0.0000510000000000
4.9500305175781252,0.3555392223076924,0.0000000000000000,0.0000540000000000
5.0000305175781250,0.3496411261871555,0.0000000000000000,0.0000500000000000
5.0500305175781257,0.3438304571777007,0.0000000000000000,0.0000500000000000
5.1000305175781255,0.3381066183828720,-0.0000000000000000,0.0000500000000000
5.1500305175781254,0.3324689655902964,0.0000000000000000,0.0000510000000000
5.2000305175781252,0.3269168116260814,0.0000000000000000,0.0000540000000000
5.2500305175781250,0.3214494304272307,0.0000000000000000,0.0000520000000000
5.3000305175781257,0.3160660608480829,-0.0000000000000000,0.0000520000000000
5.3500305175781255,0.3107659102159893,0.0000000000000000,0.0000520000000000
5.4000305175781254,0.3055481576506906,-0.0000000000000000,0.0000700000000000
5.4500305175781252,0.3004119571611166,0.0000000000000000,0.0000520000000000
5.5000305175781250,0.2953564405326360,0.0000000000000000,0.0000510000000000
5.5500305175781257,0.2903807200171043,-0.0000000000000000,0.0000510000000000
5.6000305175781255,0.2854838908374144,0.0000000000000000,0.0000510000000000
5.6500305175781254,0.2806650335176345,-0.0000000000000000,0.0000510000000000
5.7000305175781252,0.2759232160492257,0.0000000000000000,0.0000510000000000
5.7500305175781250,0.2712574959032664,-0.0000000000000000,0.0000530000000000
5.8000305175781257,0.2666669218980673,0.0000000000000000,0.0000540000000000
5.8500305175781255,0.2621505359310538,0.0000000000000000,0.0000520000000000
5.9000305175781254,0.2577073745832861,-0.0000000000000000,0.0000520000000000
5.9500305175781252,0.2533364706045384,0.0000000000000000,0.0000530000000000
6.0000305175781250,0.2490368542863980,0.0000000000000000,0.0000520000000000
6.0500305175781257,0.2448075547304293,-0.0000000000000000,0.0000540000000000
6.1000305175781255,0.2406476010180454,-0.0000000000000000,0.0000530000000000
6.1500305175781254,0.2365560232883450,0.0000000000000000,0.0000520000000000
6.2000305175781252,0.2325318537298127,-0.0000000000000000,0.0000540000000000
6.2500305175781250,0.2285741274914379,0.0000000000000000,0.0000540000000000
6.3000305175781257,0.2246818835184780,0.0000000000000000,0.0000550000000000
6.3500305175781255,0.2208541653177871,0.0000000000000000,0.0000510000000000
6.4000305175781254,0.2170900216573376,0.0000000000000000,0.0000670000000000
6.4500305175781252,0.2133885072042870,-0.0000000000000000,0.0000510000000000
6.5000305175781250,0.2097486831056792,-0.0000000000000000,0.0000520000000000
6.5500305175781257,0.2061696175156238,0.0000000000000000,0.0000520000000000
6.6000305175781255,0.2026503860725663,0.0000000000000000,0.0000540000000000
6.6500305175781254,0.1991900723300334,-0.0000000000000000,0.0000540000000000
6.7000305175781252,0.1957877681440424,-0.0000000000000000,0.0000550000000000
6.7500305175781250,0.1924425740201551,-0.0000000000000000,0.0000550000000000
6.8000305175781257,0.1891535994229801,-0.0000000000000000,0.0000550000000000
6.8500305175781255,0.1859199630507488,0.0000000000000000,0.0000550000000000
6.9000305175781254,0.1827407930774281,0.0000000000000000,0.0000560000000000
6.9500305175781252,0.1796152273646758,-0.0000000000000000,0.0000540000000000
7.0000305175781250,0.1765424136458024,-0.0000000000000000,0.0000550000000000
7.0500305175781257,0.1735215096837615,-0.0000000000000000,0.0000530000000000
7.1000305175781255,0.1705516834050665,-0.0000000000000000,0.0000530000000000
7.1500305175781254,0.1676321130114052,0.0000000000000000,0.0000550000000000
7.2000305175781252,0.1647619870706134,-0.0000000000000000,0.0000550000000000
7.2500305175781250,0.1619405045885595,-0.0000000000000000,0.0000510000000000
7.3000305175781257,0.1591668750633927,-0.0000000000000000,0.0000510000000000
7.3500305175781255,0.1564403185235087,0.0000000000000000,0.0000570000000000
7.4000305175781254,0.1537600655505044,-0.0000000000000000,0.0000580000000000
7.4500305175781252,0.1511253572883027,0.0000000000000000,0.0000500000000000
7.5000305175781250,0.1485354454395552,-0.0000000000000000,0.0000500000000000
7.5500305175781257,0.1459895922503541,-0.0000000000000000,0.0000500000000000
7.6000305175781255,0.1434870704842168,0.0000000000000000,0.0000540000000000
7.6500305175781254,0.1410271633862416,0.0000000000000000,0.0000500000000000
7.7000305175781252,0.1386091646382722,0.0000000000000000,0.0000500000000000
7.7500305175781250,0.1362323783058525,0.0000000000000000,0.0000500000000000
7.8000305175781257,0.1338961187776979,0.0000000000000000,0.0000550000000000
7.8500305175781255,0.1315997106983631,0.0000000000000000,0.0000500000000000
7.9000305175781254,0.1293424888947346,-0.0000000000000000,0.0000500000000000
7.9500305175781252,0.1271237982969370,-0.0000000000000000,0.0000510000000000
8.0000305175781250,0.1249429938541989,-0.0000000000000000,0.0000570000000000
8.0500305175781257,0.1227994404461850,0.0000000000000000,0.0000590000000000
8.1000305175781246,0.1206925127902680,0.0000000000000000,0.0000550000000000
8.1500305175781254,0.1186215953451772,0.0000000000000000,0.0000590000000000
8.2000305175781261,0.1165860822114318,-0.0000000000000000,0.0000580000000000
8.2500305175781250,0.1145853770289356,0.0000000000000000,0.0000540000000000
8.3000305175781257,0.1126188928720835,0.0000000000000000,0.0000590000000000
8.3500305175781246,0.1106860521427049,-0.0000000000000000,0.0000540000000000
8.4000305175781254,0.1087862864611439,-0.0000000000000000,0.0000540000000000
8.4500305175781261,0.1069190365557542,-0.0000000000000000,0.0000540000000000
8.5000305175781250,0.1050837521510671,0.0000000000000000,0.0000580000000000
8.5500305175781257,0.1032798918548690,-0.0000000000000000,0.0000600000000000
8.6000305175781246,0.1015069230444102,0.0000000000000000,0.0000540000000000
8.6500305175781254,0.0997643217519438,-0.0000000000000000,0.0000550000000000
8.7000305175781261,0.0980515725497868,-0.0000000000000000,0.0000560000000000
8.7500305175781250,0.0963681684350699,-0.0000000000000000,0.0000720000000000
8.8000305175781257,0.0947136107143386,-0.0000000000000000,0.0000560000000000
8.8500305175781246,0.0930874088881485,0.0000000000000000,0.0000560000000000
8.9000305175781254,0.0914890805357896,-0.0000000000000000,0.0000560000000000
8.9500305175781261,0.0899181512002607,0.0000000000000000,0.0000560000000000
9.0000305175781250,0.0883741542736079,0.0000000000000000,0.0000600000000000
9.0500305175781257,0.0868566308827266,0.0000000000000000,0.0000630000000000
9.1000305175781246,0.0853651297757240,0.0000000000000000,0.0000660000000000
9.1500305175781254,0.0838992072089230,-0.0000000000000000,0.0000650000000000
9.2000305175781261,0.0824584268345886,-0.0000000000000000,0.0000650000000000
9.2500305175781250,0.0810423595894443,0.0000000000000000,0.0000670000000000
9.3000305175781257,0.0796505835840428,0.0000000000000000,0.0000660000000000
9.3500305175781246,0.0782826839930475,0.0000000000000000,0.0000630000000000
9.4000305175781254,0.0769382529464773,0.0000000000000000,0.0000620000000000
9.4500305175781261,0.0756168894219588,0.0000000000000000,0.0000600000000000
9.5000305175781250,0.0743181991380290,0.0000000000000000,0.0000590000000000
9.5500305175781257,0.0730417944485221,0.0000000000000000,0.0000590000000000
9.6000305175781264,0.0717872942380763,0.0000000000000000,0.0000590000000000
9.6500305175781254,0.0705543238187841,-0.0000000000000000,0.0000570000000000
9.7000305175781261,0.0693425148280144,-0.0000000000000000,0.0000570000000000
9.7500305175781250,0.0681515051274259,-0.0000000000000000,0.0000550000000000
9.8000305175781257,0.0669809387031884,0.0000000000000000,0.0000560000000000
9.8500305175781264,0.0658304655674301,-0.0000000000000000,0.0000560000000000
9.9000305175781254,0.0646997416609205,0.0000000000000000,0.0000550000000000
9.9500305175781261,0.0635884287569995,0.0000000000000000,0.0000550000000000
10.0000305175781250,0.0624961943667611,0.0000000000000000,0.0000540000000000
10.0500305175781257,0.0614227116454967,0.0000000000000000,0.0000550000000000
10.1000305175781264,0.0603676593004006,0.0000000000000000,0.0000560000000000
10.1500305175781254,0.0593307214995420,-0.0000000000000000,0.0000550000000000
10.2000305175781261,0.0583115877820998,0.0000000000000000,0.0000550000000000
10.2500305175781250,0.0573099529698640,0.0000000000000000,0.0000560000000000
10.3000305175781257,0.0563255170799952,-0.0000000000000000,0.0000560000000000
10.3500305175781264,0.0553579852390437,-0.0000000000000000,0.0000560000000000
10.4000305175781254,0.0544070675982195,0.0000000000000000,0.0000560000000000
10.4500305175781261,0.0534724792499083,0.0000000000000000,0.0000560000000000
10.5000305175781250,0.0525539401454269,0.0000000000000000,0.0000560000000000
10.5500305175781257,0.0516511750140095,-0.0000000000000000,0.0000560000000000
10.6000305175781264,0.0507639132830159,0.0000000000000000,0.0000560000000000
10.6500305175781254,0.0498918889993538,0.0000000000000000,0.0000560000000000
10.7000305175781261,0.0490348407521026,-0.0000000000000000,0.0000570000000000
10.7500305175781250,0.0481925115963310,0.0000000000000000,0.0000560000000000
10.8000305175781257,0.0473646489780950,0.0000000000000000,0.0000560000000000
10.8500305175781264,0.0465510046606061,0.0000000000000000,0.0000550000000000
10.9000305175781254,0.0457513346515571,-0.0000000000000000,0.0000600000000000
10.9500305175781261,0.0449653991315937,-0.0000000000000000,0.0000580000000000
11.0000305175781250,0.0441929623839186,-0.0000000000000000,0.0000590000000000
11.0500305175781257,0.0434337927250166,-0.0000000000000000,0.0000600000000000
11.1000305175781264,0.0426876624364854,0.0000000000000000,0.0000600000000000
11.1500305175781254,0.0419543476979612,-0.0000000000000000,0.0000600000000000
11.2000305175781261,0.0412336285211240,0.0000000000000000,0.0000600000000000
11.2500305175781250,0.0405252886847693,-0.0000000000000000,0.0000580000000000
11.3000305175781257,0.0398291156709336,0.0000000000000000,0.0000580000000000
11.3500305175781264,0.0391449006020579,-0.0000000000000000,0.0000570000000000
11.4000305175781254,0.0384724381791776,0.0000000000000000,0.0000570000000000
11.4500305175781261,0.0378115266211231,-0.0000000000000000,0.0000570000000000
11.5000305175781250,0.0371619676047183,-0.0000000000000000,0.0000570000000000
11.5500305175781257,0.0365235662059622,0.0000000000000000,0.0000570000000000
11.6000305175781264,0.0358961308421813,0.0000000000000000,0.0000580000000000
11.6500305175781254,0.0352794732151367,0.0000000000000000,0.0000580000000000
11.7000305175781261,0.0346734082550744,-0.0000000000000000,0.0000580000000000
11.7500305175781250,0.0340777540657028,0.0000000000000000,0.0000590000000000
11.8000305175781257,0.0334923318700860,0.0000000000000000,0.0000580000000000
11.8500305175781264,0.0329169659574374,0.0000000000000000,0.0000580000000000
11.9000305175781254,0.0323514836308012,-0.0000000000000000,0.0000570000000000
11.9500305175781261,0.0317957151556080,-0.0000000000000000,0.0000560000000000
12.0000305175781250,0.0312494937090909,0.0000000000000000,0.0000550000000000
12.0500305175781257,0.0307126553305498,-0.0000000000000000,0.0000570000000000
12.1000305175781264,0.0301850388724499,-0.0000000000000000,0.0000570000000000
12.1500305175781254,0.0296664859523417,-0.0000000000000000,0.0000570000000000
12.2000305175781261,0.0291568409055900,0.0000000000000000,0.0000590000000000
12.2500305175781250,0.0286559507388988,0.0000000000000000,0.0000570000000000
12.3000305175781257,0.0281636650846194,0.0000000000000000,0.0000570000000000
12.3500305175781264,0.0276798361558305,-0.0000000000000000,0.0000570000000000
12.4000305175781254,0.0272043187021759,0.0000000000000000,0.0000570000000000
12.4500305175781261,0.0267369699664493,0.0000000000000000,0.0000570000000000
12.5000305175781250,0.0262776496419145,-0.0000000000000000,0.0000570000000000
